{
  "timestamp": "20260326_154717",
  "experiment_type": "all",
  "config_count": 12,
  "sample_count": 50,
  "results": [
    {
      "config_name": "full",
      "config_description": "完整系统 (所有组件开启)",
      "sample_count": 50,
      "avg_score": 56.75734333333333,
      "score_std": 4.218647909343054,
      "avg_latency_ms": 0.008373260498046875,
      "arbitration_rate": 1.0,
      "grade_distribution": {
        "S": 0,
        "A": 0,
        "B": 0,
        "C": 20,
        "D": 30
      },
      "category_results": {
        "high_arousal": {
          "avg_score": 56.03200000000001,
          "std_score": 0.0,
          "count": 10
        },
        "low_arousal": {
          "avg_score": 61.52533333333333,
          "std_score": 0.0,
          "count": 10
        },
        "high_coherence": {
          "avg_score": 61.25066666666666,
          "std_score": 0.0,
          "count": 10
        },
        "low_coherence": {
          "avg_score": 53.28533333333333,
          "std_score": 0.0,
          "count": 10
        },
        "boundary": {
          "avg_score": 51.69338333333334,
          "std_score": 2.5942032400962582,
          "count": 10
        }
      }
    },
    {
      "config_name": "w/o_C1_arousal",
      "config_description": "关闭情绪唤醒度检测",
      "sample_count": 50,
      "avg_score": 56.88346666666666,
      "score_std": 3.9497923066037415,
      "avg_latency_ms": 0.0069713592529296875,
      "arbitration_rate": 1.0,
      "grade_distribution": {
        "S": 0,
        "A": 0,
        "B": 0,
        "C": 20,
        "D": 30
      },
      "category_results": {
        "high_arousal": {
          "avg_score": 56.03200000000001,
          "std_score": 0.0,
          "count": 10
        },
        "low_arousal": {
          "avg_score": 61.52533333333333,
          "std_score": 0.0,
          "count": 10
        },
        "high_coherence": {
          "avg_score": 61.25066666666666,
          "std_score": 0.0,
          "count": 10
        },
        "low_coherence": {
          "avg_score": 53.28533333333333,
          "std_score": 0.0,
          "count": 10
        },
        "boundary": {
          "avg_score": 52.324,
          "std_score": 1.2313286209779666,
          "count": 10
        }
      }
    },
    {
      "config_name": "w/o_C2_dynamic_ratio",
      "config_description": "关闭动态理想比例 (使用固定 60/40)",
      "sample_count": 50,
      "avg_score": 56.75734333333333,
      "score_std": 4.218647909343054,
      "avg_latency_ms": 0.007114410400390625,
      "arbitration_rate": 1.0,
      "grade_distribution": {
        "S": 0,
        "A": 0,
        "B": 0,
        "C": 20,
        "D": 30
      },
      "category_results": {
        "high_arousal": {
          "avg_score": 56.03200000000001,
          "std_score": 0.0,
          "count": 10
        },
        "low_arousal": {
          "avg_score": 61.52533333333333,
          "std_score": 0.0,
          "count": 10
        },
        "high_coherence": {
          "avg_score": 61.25066666666666,
          "std_score": 0.0,
          "count": 10
        },
        "low_coherence": {
          "avg_score": 53.28533333333333,
          "std_score": 0.0,
          "count": 10
        },
        "boundary": {
          "avg_score": 51.69338333333334,
          "std_score": 2.5942032400962582,
          "count": 10
        }
      }
    },
    {
      "config_name": "w/o_C3_llm_event",
      "config_description": "关闭 LLM 事件提取 (使用规则启发式)",
      "sample_count": 50,
      "avg_score": 55.04067666666667,
      "score_std": 2.9568284936444447,
      "avg_latency_ms": 0.0067424774169921875,
      "arbitration_rate": 1.0,
      "grade_distribution": {
        "S": 0,
        "A": 0,
        "B": 0,
        "C": 0,
        "D": 50
      },
      "category_results": {
        "high_arousal": {
          "avg_score": 54.315333333333335,
          "std_score": 0.0,
          "count": 10
        },
        "low_arousal": {
          "avg_score": 56.37533333333333,
          "std_score": 0.0,
          "count": 10
        },
        "high_coherence": {
          "avg_score": 59.534000000000006,
          "std_score": 0.0,
          "count": 10
        },
        "low_coherence": {
          "avg_score": 53.28533333333333,
          "std_score": 0.0,
          "count": 10
        },
        "boundary": {
          "avg_score": 51.69338333333334,
          "std_score": 2.5942032400962582,
          "count": 10
        }
      }
    },
    {
      "config_name": "w/o_C4_simplified_l0",
      "config_description": "简化 L0 评分 (仅 3 维)",
      "sample_count": 50,
      "avg_score": 62.36906666666667,
      "score_std": 1.8083173973403592,
      "avg_latency_ms": 0.0051975250244140625,
      "arbitration_rate": 1.0,
      "grade_distribution": {
        "S": 0,
        "A": 0,
        "B": 0,
        "C": 48,
        "D": 2
      },
      "category_results": {
        "high_arousal": {
          "avg_score": 62.93000000000001,
          "std_score": 0.0,
          "count": 10
        },
        "low_arousal": {
          "avg_score": 63.60666666666666,
          "std_score": 0.0,
          "count": 10
        },
        "high_coherence": {
          "avg_score": 62.93000000000001,
          "std_score": 0.0,
          "count": 10
        },
        "low_coherence": {
          "avg_score": 60.9,
          "std_score": 0.0,
          "count": 10
        },
        "boundary": {
          "avg_score": 61.47866666666666,
          "std_score": 3.481880505108101,
          "count": 10
        }
      }
    },
    {
      "config_name": "w/o_C5_single_judge",
      "config_description": "单一评委 (非多 Agent)",
      "sample_count": 50,
      "avg_score": 55.22666666666667,
      "score_std": 3.834749812236643,
      "avg_latency_ms": 0.008387565612792969,
      "arbitration_rate": 0.0,
      "grade_distribution": {
        "S": 0,
        "A": 0,
        "B": 0,
        "C": 0,
        "D": 50
      },
      "category_results": {
        "high_arousal": {
          "avg_score": 54.400000000000006,
          "std_score": 0.0,
          "count": 10
        },
        "low_arousal": {
          "avg_score": 59.73333333333333,
          "std_score": 0.0,
          "count": 10
        },
        "high_coherence": {
          "avg_score": 59.46666666666666,
          "std_score": 0.0,
          "count": 10
        },
        "low_coherence": {
          "avg_score": 51.73333333333333,
          "std_score": 0.0,
          "count": 10
        },
        "boundary": {
          "avg_score": 50.8,
          "std_score": 1.1954646805611335,
          "count": 10
        }
      }
    },
    {
      "config_name": "w/o_C6_simple_average",
      "config_description": "简单平均 (非置信度加权)",
      "sample_count": 50,
      "avg_score": 56.75734333333333,
      "score_std": 4.218647909343054,
      "avg_latency_ms": 0.013275146484375,
      "arbitration_rate": 1.0,
      "grade_distribution": {
        "S": 0,
        "A": 0,
        "B": 0,
        "C": 20,
        "D": 30
      },
      "category_results": {
        "high_arousal": {
          "avg_score": 56.03200000000001,
          "std_score": 0.0,
          "count": 10
        },
        "low_arousal": {
          "avg_score": 61.52533333333333,
          "std_score": 0.0,
          "count": 10
        },
        "high_coherence": {
          "avg_score": 61.25066666666666,
          "std_score": 0.0,
          "count": 10
        },
        "low_coherence": {
          "avg_score": 53.28533333333333,
          "std_score": 0.0,
          "count": 10
        },
        "boundary": {
          "avg_score": 51.69338333333334,
          "std_score": 2.5942032400962582,
          "count": 10
        }
      }
    },
    {
      "config_name": "w/o_C7_no_arbitration",
      "config_description": "无仲裁机制",
      "sample_count": 50,
      "avg_score": 53.4629416915423,
      "score_std": 4.337892010902218,
      "avg_latency_ms": 0.005965232849121094,