{
  "strategy_selection": {
    "min": 0.24408299941569567,
    "max": 23.221750045195222,
    "mean": 0.39124792360235006,
    "median": 0.34737546229735017,
    "p95": 0.4915830213576555,
    "p99": 0.7052500732243061,
    "iterations": 1000
  },
  "get_calibration_rules": {
    "min": 0.0004159519448876381,
    "max": 0.04175002686679363,
    "mean": 0.0005721088964492083,
    "median": 0.0004580942913889885,
    "p95": 0.0005420297384262085,
    "p99": 0.0006670597940683365,
    "iterations": 1000
  },
  "get_strategy": {
    "min": 0.00037497375160455704,
    "max": 0.00929099041968584,
    "mean": 0.0005003752885386348,
    "median": 0.000459025613963604,
    "p95": 0.0005830079317092896,
    "p99": 0.0007080379873514175,
    "iterations": 1000
  },
  "registry": {
    "register": {
      "min": 0.008083065040409565,
      "max": 0.024042092263698578,
      "mean": 0.009445837931707501,
      "median": 0.009041978046298027,
      "p95": 0.011458061635494232,
      "p99": 0.024042092263698578,
      "iterations": 100
    },
    "list": {
      "min": 0.00020791776478290558,
      "max": 0.008209026418626308,
      "mean": 0.0002604566980153322,
      "median": 0.00024994369596242905,
      "p95": 0.0002919696271419525,
      "p99": 0.000333995558321476,
      "iterations": 1000
    }
  }
}