{
  "set_latency": {
    "min": 0.0004169996827840805,
    "max": 0.001667009200900793,
    "mean": 0.0004987457068637013,
    "median": 0.000500003807246685,
    "p95": 0.0005420297384262085,
    "p99": 0.0005839974619448185,
    "iterations": 1000
  },
  "get_latency_hit": {
    "min": 0.00037497375160455704,
    "max": 0.005333975423127413,
    "mean": 0.00045271433191373944,
    "median": 0.00045797787606716156,
    "p95": 0.000459025613963604,
    "p99": 0.000500003807246685,
    "iterations": 1000
  },
  "get_latency_miss": {
    "min": 0.00024994369596242905,
    "max": 0.0008330098353326321,
    "mean": 0.00028294482035562396,
    "median": 0.00029103830456733704,
    "p95": 0.000292027834802866,
    "p99": 0.000333995558321476,
    "iterations": 1000
  },
  "stats_latency": {
    "min": 0.00041601015254855156,
    "max": 0.006874965038150549,
    "mean": 0.0005054619978182018,
    "median": 0.000500003807246685,
    "p95": 0.0005420297384262085,
    "p99": 0.0005420297384262085,
    "iterations": 1000
  },
  "workflow_comparison": {
    "uncached": "{'min': 25.496958987787366, 'max': 90.29666596325114, 'mean': 80.44985040847678, 'median': 84.350021003047, 'p95': 90.04487498896196, 'p99': 90.29666596325114, 'iterations': 100}",
    "cached": "{'min': 0.0011249794624745846, 'max': 0.018209044355899096, 'mean': 0.0013887009117752314, 'median': 0.0012080417945981026, 'p95': 0.001334003172814846, 'p99': 0.018209044355899096, 'iterations': 100}",
    "improvement_factor": 57931.732978870554
  }
}